order_id,date,customer_id,product_id,region,quantity,unit_price,revenue
ORD-2001,2025-01-05,C001,P103,Latin America,1,650.0,650.0
ORD-2002,2025-01-05,C003,P104,Europe,3,1200.0,3600.0
ORD-2003,2025-01-12,C005,P106,Asia-Pacific,2,320.0,640.0
ORD-2004,2025-01-12,C003,P106,Europe,3,320.0,960.0
ORD-2005,2025-01-19,C001,P105,Latin America,2,299.0,598.0
ORD-2006,2025-01-19,C004,P101,North America,1,499.0,499.0
ORD-2007,2025-01-26,C001,P103,Latin America,3,650.0,1950.0
ORD-2008,2025-01-26,C005,P101,Europe,2,499.0,998.0
ORD-2009,2025-02-05,C003,P105,Latin America,2,299.0,598.0
ORD-2010,2025-02-05,C005,P101,North America,1,499.0,499.0
ORD-2011,2025-02-12,C003,P106,Latin America,1,320.0,320.0
ORD-2012,2025-02-12,C005,P101,North America,3,499.0,1497.0
ORD-2013,2025-02-19,C002,P101,North America,3,499.0,1497.0
ORD-2014,2025-02-19,C002,P102,Asia-Pacific,3,899.0,2697.0
ORD-2015,2025-02-26,C002,P106,Asia-Pacific,2,320.0,640.0
ORD-2016,2025-02-26,C002,P103,Europe,2,650.0,1300.0
ORD-2017,2025-03-05,C001,P101,Asia-Pacific,1,499.0,499.0
ORD-2018,2025-03-05,C005,P106,Europe,3,320.0,960.0
ORD-2019,2025-03-12,C002,P102,North America,3,899.0,2697.0
ORD-2020,2025-03-12,C001,P105,Latin America,2,299.0,598.0
ORD-2021,2025-03-19,C004,P105,Asia-Pacific,1,299.0,299.0
ORD-2022,2025-03-19,C002,P104,Latin America,2,1200.0,2400.0
ORD-2023,2025-03-26,C001,P106,Europe,3,320.0,960.0
ORD-2024,2025-03-26,C002,P106,Europe,1,320.0,320.0
ORD-2025,2025-04-05,C004,P106,Europe,1,320.0,320.0
ORD-2026,2025-04-05,C003,P106,Latin America,3,320.0,960.0
ORD-2027,2025-04-12,C005,P105,Latin America,1,299.0,299.0
ORD-2028,2025-04-12,C004,P104,Europe,1,1200.0,1200.0
ORD-2029,2025-04-19,C003,P105,Asia-Pacific,2,299.0,598.0
ORD-2030,2025-04-19,C002,P104,Latin America,1,1200.0,1200.0
ORD-2031,2025-04-26,C003,P102,North America,2,899.0,1798.0
ORD-2032,2025-04-26,C002,P103,North America,2,650.0,1300.0
ORD-2033,2025-05-05,C001,P102,Latin America,1,899.0,899.0
ORD-2034,2025-05-05,C002,P105,Europe,1,299.0,299.0
ORD-2035,2025-05-12,C002,P101,Latin America,3,499.0,1497.0
ORD-2036,2025-05-12,C001,P106,Latin America,2,320.0,640.0
ORD-2037,2025-05-19,C001,P105,Latin America,1,299.0,299.0
ORD-2038,2025-05-19,C005,P105,Europe,3,299.0,897.0
ORD-2039,2025-05-26,C003,P105,Latin America,3,299.0,897.0
ORD-2040,2025-05-26,C005,P102,Europe,3,899.0,2697.0
ORD-2041,2025-06-05,C004,P101,North America,1,499.0,499.0
ORD-2042,2025-06-05,C004,P101,North America,2,499.0,998.0
ORD-2043,2025-06-12,C002,P104,Latin America,2,1200.0,2400.0
ORD-2044,2025-06-12,C004,P105,North America,3,299.0,897.0
ORD-2045,2025-06-19,C005,P106,Asia-Pacific,2,320.0,640.0
ORD-2046,2025-06-19,C005,P102,Latin America,2,899.0,1798.0
ORD-2047,2025-06-26,C002,P102,Europe,3,899.0,2697.0
ORD-2048,2025-06-26,C001,P103,Latin America,2,650.0,1300.0
ORD-2049,2025-07-05,C004,P105,Latin America,1,299.0,299.0
ORD-2050,2025-07-05,C004,P102,Latin America,1,899.0,899.0
ORD-2051,2025-07-12,C003,P103,Latin America,2,650.0,1300.0
ORD-2052,2025-07-12,C005,P101,Asia-Pacific,1,499.0,499.0
ORD-2053,2025-07-19,C004,P103,Asia-Pacific,1,650.0,650.0
ORD-2054,2025-07-19,C002,P101,Asia-Pacific,1,499.0,499.0
ORD-2055,2025-07-26,C005,P104,Latin America,1,1200.0,1200.0
ORD-2056,2025-07-26,C005,P106,Asia-Pacific,2,320.0,640.0
ORD-2057,2025-09-05,C001,P102,Europe,3,899.0,2697.0
ORD-2058,2025-09-05,C002,P105,Europe,2,299.0,598.0
ORD-2059,2025-09-12,C003,P106,North America,2,320.0,640.0
ORD-2060,2025-09-12,C005,P104,Europe,2,1200.0,2400.0
ORD-2061,2025-09-19,C005,P105,Latin America,3,299.0,897.0
ORD-2062,2025-09-19,C005,P104,North America,1,1200.0,1200.0
ORD-2063,2025-09-26,C005,P101,North America,2,499.0,998.0
ORD-2064,2025-09-26,C003,P103,Latin America,1,650.0,650.0
ORD-2065,2025-10-05,C001,P104,Asia-Pacific,2,1200.0,2400.0
ORD-2066,2025-10-05,C004,P106,North America,1,320.0,320.0
ORD-2067,2025-10-12,C001,P105,Asia-Pacific,3,299.0,897.0
ORD-2068,2025-10-12,C001,P101,North America,2,499.0,998.0
ORD-2069,2025-10-19,C005,P106,Asia-Pacific,1,320.0,320.0
ORD-2070,2025-10-19,C004,P103,Latin America,1,650.0,650.0
ORD-2071,2025-10-26,C003,P105,Latin America,1,299.0,299.0
ORD-2072,2025-10-26,C004,P101,Europe,3,499.0,1497.0
ORD-2073,2025-11-05,C002,P104,Asia-Pacific,3,1200.0,3600.0
ORD-2074,2025-11-05,C003,P105,Latin America,1,299.0,299.0
ORD-2075,2025-11-12,C005,P101,Latin America,3,499.0,1497.0
ORD-2076,2025-11-12,C001,P105,Asia-Pacific,3,299.0,897.0
ORD-2077,2025-11-19,C002,P105,Europe,1,299.0,299.0
ORD-2078,2025-11-19,C002,P106,North America,3,320.0,960.0
ORD-2079,2025-11-26,C005,P103,Asia-Pacific,3,650.0,1950.0
ORD-2080,2025-11-26,C004,P103,North America,2,650.0,1300.0
